{
  "total_cost": 18925.170000000002,
  "avg_daily_cost": 207.96890109890103,
  "trend_pct": 410.1247568900907,
  "anomaly_count": 0,
  "weekend_pct": 16.7423595138115
}