{
  "total_cost": 18977.530000000002,
  "avg_daily_cost": 208.54428571428565,
  "trend_pct": 499.0916348415216,
  "anomaly_count": 0,
  "weekend_pct": 16.790699316507467
}